Region,Sales
Central,2822302.51994
South,1600907.04088
North,1248165.60252
Oceania,1100184.612
Southeast Asia,884423.169
North Asia,848309.781
Emea,806161.311
Africa,783773.211
Central Asia,752826.567
West,725457.8245
East,678781.24
Caribbean,324280.86104
Canada,66928.17
